Workbook

Sheet Project Plan
A1: Explainable AI | Project Plan & Deliverables
A2: Breast cancer (GSE96058) only • October 2026 – June 2027 • Planned dates subject to university confirmation
A4: ID | B4: Work package | C4: Contributors | D4: Start | E4: Finish | F4: Depends on | G4: Expected evidence / deliverable | H4: Status
A5: T01 | B5: Scope, requirements and risk plan | C5: Ziad + Gamal | D5: 46307 | E5: 46321 | G5: Approved consolidated breast-only specification and risk assessment | H5: Prepared
A6: T02 | B6: Literature review, DOI checks and final formatting | C6: Gamal + Ziad | D6: 46307 | E6: 46321 | G6: Verified breast cancer literature review with linked references | H6: Prepared
A7: T03 | B7: Dataset acquisition, labels and replicate audit | C7: Mostafa + Mohamed | D7: 46311 | E7: 46336 | G7: GSE96058 matched primary-sample IDs, labels and 136 replicate audit | H7: In progress / verify
A8: T04 | B8: Defense I materials, repository and rehearsal | C8: All four | D8: 46315 | E8: 46322 | F8: T01,T02 | G8: Submission materials, initial EDA, GitHub evidence, presentation | H8: Pending review
A9: T05 | B9: Expression scale, PAM50 alias and EDA verification | C9: Mostafa + Ziad | D9: 46322 | E9: 46344 | F9: T03 | G9: Verify log2(FPKM+0.1), gene IDs, documented ORC6L to ORC6 alias, class balance | H9: In progress / verify
A10: T06 | B10: Reproducible split and evaluation protocol | C10: Ziad + Mohamed | D10: 46336 | E10: 46351 | F10: T03 | G10: Group-safe 80/20 holdout proposal and train-only CV pipeline | H10: Planned
A11: T07 | B11: Initial PAM50-gene baselines | C11: Gamal + Mostafa | D11: 46346 | E11: 46370 | F11: T05,T06 | G11: LR/SVM baseline, initial five-class metrics, record Normal-like issues | H11: Planned
A12: T08 | B12: Initial thesis and Defense II experiments | C12: All four | D12: 46357 | E12: 46378 | F12: T07 | G12: Initial thesis Dec 15; Defense II Dec 22; reproducible baseline evidence | H12: Planned
A13: T09 | B13: Advisor feedback and revised thesis | C13: All four | D13: 46379 | E13: 46385 | F13: T08 | G13: Incorporate Defense II recommendations in revised thesis | H13: Planned
A14: T10 | B14: Compare PAM50 and ANOVA-selected genes | C14: Mostafa + Gamal | D14: 46386 | E14: 46428 | F14: T06,T07 | G14: Training-fold ANOVA subset-size selection and PAM50 baseline comparison | H14: Planned
A15: T11 | B15: Compare L1 / elastic-net-selected genes | C15: Ziad + Mohamed | D15: 46392 | E15: 46433 | F15: T06,T07 | G15: Sparse gene panels fitted only on training folds | H15: Planned
A16: T12 | B16: Compare LR, SVM, RF and XGBoost | C16: All four | D16: 46419 | E16: 46447 | F16: T10,T11 | G16: Consistent CV macro-F1 and per-class comparisons | H16: Planned
A17: T13 | B17: First Streamlit UI and input validation | C17: Mohamed + Ziad | D17: 46407 | E17: 46456 | F17: T05 | G17: Single/batch expression upload; exact schema; friendly error messages | H17: Planned
A18: T14 | B18: Curated gene biology evidence and references | C18: Gamal + Mohamed | D18: 46412 | E18: 46487 | F18: T02 | G18: Verified gene-breast subtype context with DOI/PMID and limitations | H18: Planned
A19: T15 | B19: Select final breast model; untouched test evaluation | C19: Ziad + Mostafa | D19: 46448 | E19: 46461 | F19: T12 | G19: Locked pipeline; final 5-class decision; held-out metrics and calibration review | H19: Planned
... A26: T22 | B26: Final defense preparation and demonstration | C26: All four | D26: 46559 | E26: 46568 | F26: T21 | G26: Final demo, slide deck and Q&A; defense June 27–30 | H26: Planned

Sheet Gantt Chart
A1: Project Timeline | October 2026 – June 2027
A2: ■ Planned activity during the month. Tasks and dates are defined in Project Plan.
A4: ID | B4: Work package | C4: Contributors | D4: 46296 | E4: 46327 | F4: 46357 | G4: 46388 | H4: 46419 | I4: 46447 | J4: 46478 | K4: 46508 | L4: 46539
A5: T01 | B5: Scope, requirements and risk plan | C5: Ziad + Gamal | D5: =IF(AND('Project Plan'!$D5<EDATE(D$4,1),'Project Plan'!$E5>=D$4),"■","") -> ■ | E5: =IF(AND('Project Plan'!$D5<EDATE(E$4,1),'Project Plan'!$E5>=E$4),"■","") | F5: =IF(AND('Project Plan'!$D5<EDATE(F$4,1),'Project Plan'!$E5>=F$4),"■","") | G5: =IF(AND('Project Plan'!$D5<EDATE(G$4,1),'Project Plan'!$E5>=G$4),"■","") | H5: =IF(AND('Project Plan'!$D5<EDATE(H$4,1),'Project Plan'!$E5>=H$4),"■","") | I5: =IF(AND('Project Plan'!$D5<EDATE(I$4,1),'Project Plan'!$E5>=I$4),"■","") | J5: =IF(AND('Project Plan'!$D5<EDATE(J$4,1),'Project Plan'!$E5>=J$4),"■","") | K5: =IF(AND('Project Plan'!$D5<EDATE(K$4,1),'Project Plan'!$E5>=K$4),"■","") | L5: =IF(AND('Project Plan'!$D5<EDATE(L$4,1),'Project Plan'!$E5>=L$4),"■","")
A6: T02 | B6: Literature review, DOI checks and final formatting | C6: Gamal + Ziad | D6: =IF(AND('Project Plan'!$D6<EDATE(D$4,1),'Project Plan'!$E6>=D$4),"■","") -> ■ | E6: =IF(AND('Project Plan'!$D6<EDATE(E$4,1),'Project Plan'!$E6>=E$4),"■","") | F6: =IF(AND('Project Plan'!$D6<EDATE(F$4,1),'Project Plan'!$E6>=F$4),"■","") | G6: =IF(AND('Project Plan'!$D6<EDATE(G$4,1),'Project Plan'!$E6>=G$4),"■","") | H6: =IF(AND('Project Plan'!$D6<EDATE(H$4,1),'Project Plan'!$E6>=H$4),"■","") | I6: =IF(AND('Project Plan'!$D6<EDATE(I$4,1),'Project Plan'!$E6>=I$4),"■","") | J6: =IF(AND('Project Plan'!$D6<EDATE(J$4,1),'Project Plan'!$E6>=J$4),"■","") | K6: =IF(AND('Project Plan'!$D6<EDATE(K$4,1),'Project Plan'!$E6>=K$4),"■","") | L6: =IF(AND('Project Plan'!$D6<EDATE(L$4,1),'Project Plan'!$E6>=L$4),"■","")
A7: T03 | B7: Dataset acquisition, labels and replicate audit | C7: Mostafa + Mohamed | D7: =IF(AND('Project Plan'!$D7<EDATE(D$4,1),'Project Plan'!$E7>=D$4),"■","") -> ■ | E7: =IF(AND('Project Plan'!$D7<EDATE(E$4,1),'Project Plan'!$E7>=E$4),"■","") -> ■ | F7: =IF(AND('Project Plan'!$D7<EDATE(F$4,1),'Project Plan'!$E7>=F$4),"■","") | G7: =IF(AND('Project Plan'!$D7<EDATE(G$4,1),'Project Plan'!$E7>=G$4),"■","") | H7: =IF(AND('Project Plan'!$D7<EDATE(H$4,1),'Project Plan'!$E7>=H$4),"■","") | I7: =IF(AND('Project Plan'!$D7<EDATE(I$4,1),'Project Plan'!$E7>=I$4),"■","") | J7: =IF(AND('Project Plan'!$D7<EDATE(J$4,1),'Project Plan'!$E7>=J$4),"■","") | K7: =IF(AND('Project Plan'!$D7<EDATE(K$4,1),'Project Plan'!$E7>=K$4),"■","") | L7: =IF(AND('Project Plan'!$D7<EDATE(L$4,1),'Project Plan'!$E7>=L$4),"■","")
A8: T04 | B8: Defense I materials, repository and rehearsal | C8: All four | D8: =IF(AND('Project Plan'!$D8<EDATE(D$4,1),'Project Plan'!$E8>=D$4),"■","") -> ■ | E8: =IF(AND('Project Plan'!$D8<EDATE(E$4,1),'Project Plan'!$E8>=E$4),"■","") | F8: =IF(AND('Project Plan'!$D8<EDATE(F$4,1),'Project Plan'!$E8>=F$4),"■","") | G8: =IF(AND('Project Plan'!$D8<EDATE(G$4,1),'Project Plan'!$E8>=G$4),"■","") | H8: =IF(AND('Project Plan'!$D8<EDATE(H$4,1),'Project Plan'!$E8>=H$4),"■","") | I8: =IF(AND('Project Plan'!$D8<EDATE(I$4,1),'Project Plan'!$E8>=I$4),"■","") | J8: =IF(AND('Project Plan'!$D8<EDATE(J$4,1),'Project Plan'!$E8>=J$4),"■","") | K8: =IF(AND('Project Plan'!$D8<EDATE(K$4,1),'Project Plan'!$E8>=K$4),"■","") | L8: =IF(AND('Project Plan'!$D8<EDATE(L$4,1),'Project Plan'!$E8>=L$4),"■","")
A9: T05 | B9: Expression scale, PAM50 alias and EDA verification | C9: Mostafa + Ziad | D9: =IF(AND('Project Plan'!$D9<EDATE(D$4,1),'Project Plan'!$E9>=D$4),"■","") -> ■ | E9: =IF(AND('Project Plan'!$D9<EDATE(E$4,1),'Project Plan'!$E9>=E$4),"■","") -> ■ | F9: =IF(AND('Project Plan'!$D9<EDATE(F$4,1),'Project Plan'!$E9>=F$4),"■","") | G9: =IF(AND('Project Plan'!$D9<EDATE(G$4,1),'Project Plan'!$E9>=G$4),"■","") | H9: =IF(AND('Project Plan'!$D9<EDATE(H$4,1),'Project Plan'!$E9>=H$4),"■","") | I9: =IF(AND('Project Plan'!$D9<EDATE(I$4,1),'Project Plan'!$E9>=I$4),"■","") | J9: =IF(AND('Project Plan'!$D9<EDATE(J$4,1),'Project Plan'!$E9>=J$4),"■","") | K9: =IF(AND('Project Plan'!$D9<EDATE(K$4,1),'Project Plan'!$E9>=K$4),"■","") | L9: =IF(AND('Project Plan'!$D9<EDATE(L$4,1),'Project Plan'!$E9>=L$4),"■","")
A10: T06 | B10: Reproducible split and evaluation protocol | C10: Ziad + Mohamed | D10: =IF(AND('Project Plan'!$D10<EDATE(D$4,1),'Project Plan'!$E10>=D$4),"■","") | E10: =IF(AND('Project Plan'!$D10<EDATE(E$4,1),'Project Plan'!$E10>=E$4),"■","") -> ■ | F10: =IF(AND('Project Plan'!$D10<EDATE(F$4,1),'Project Plan'!$E10>=F$4),"■","") | G10: =IF(AND('Project Plan'!$D10<EDATE(G$4,1),'Project Plan'!$E10>=G$4),"■","") | H10: =IF(AND('Project Plan'!$D10<EDATE(H$4,1),'Project Plan'!$E10>=H$4),"■","") | I10: =IF(AND('Project Plan'!$D10<EDATE(I$4,1),'Project Plan'!$E10>=I$4),"■","") | J10: =IF(AND('Project Plan'!$D10<EDATE(J$4,1),'Project Plan'!$E10>=J$4),"■","") | K10: =IF(AND('Project Plan'!$D10<EDATE(K$4,1),'Project Plan'!$E10>=K$4),"■","") | L10: =IF(AND('Project Plan'!$D10<EDATE(L$4,1),'Project Plan'!$E10>=L$4),"■","")
A11: T07 | B11: Initial PAM50-gene baselines | C11: Gamal + Mostafa | D11: =IF(AND('Project Plan'!$D11<EDATE(D$4,1),'Project Plan'!$E11>=D$4),"■","") | E11: =IF(AND('Project Plan'!$D11<EDATE(E$4,1),'Project Plan'!$E11>=E$4),"■","") -> ■ | F11: =IF(AND('Project Plan'!$D11<EDATE(F$4,1),'Project Plan'!$E11>=F$4),"■","") -> ■ | G11: =IF(AND('Project Plan'!$D11<EDATE(G$4,1),'Project Plan'!$E11>=G$4),"■","") | H11: =IF(AND('Project Plan'!$D11<EDATE(H$4,1),'Project Plan'!$E11>=H$4),"■","") | I11: =IF(AND('Project Plan'!$D11<EDATE(I$4,1),'Project Plan'!$E11>=I$4),"■","") | J11: =IF(AND('Project Plan'!$D11<EDATE(J$4,1),'Project Plan'!$E11>=J$4),"■","") | K11: =IF(AND('Project Plan'!$D11<EDATE(K$4,1),'Project Plan'!$E11>=K$4),"■","") | L11: =IF(AND('Project Plan'!$D11<EDATE(L$4,1),'Project Plan'!$E11>=L$4),"■","")
A12: T08 | B12: Initial thesis and Defense II experiments | C12: All four | D12: =IF(AND('Project Plan'!$D12<EDATE(D$4,1),'Project Plan'!$E12>=D$4),"■","") | E12: =IF(AND('Project Plan'!$D12<EDATE(E$4,1),'Project Plan'!$E12>=E$4),"■","") | F12: =IF(AND('Project Plan'!$D12<EDATE(F$4,1),'Project Plan'!$E12>=F$4),"■","") -> ■ | G12: =IF(AND('Project Plan'!$D12<EDATE(G$4,1),'Project Plan'!$E12>=G$4),"■","") | H12: =IF(AND('Project Plan'!$D12<EDATE(H$4,1),'Project Plan'!$E12>=H$4),"■","") | I12: =IF(AND('Project Plan'!$D12<EDATE(I$4,1),'Project Plan'!$E12>=I$4),"■","") | J12: =IF(AND('Project Plan'!$D12<EDATE(J$4,1),'Project Plan'!$E12>=J$4),"■","") | K12: =IF(AND('Project Plan'!$D12<EDATE(K$4,1),'Project Plan'!$E12>=K$4),"■","") | L12: =IF(AND('Project Plan'!$D12<EDATE(L$4,1),'Project Plan'!$E12>=L$4),"■","")
A13: T09 | B13: Advisor feedback and revised thesis | C13: All four | D13: =IF(AND('Project Plan'!$D13<EDATE(D$4,1),'Project Plan'!$E13>=D$4),"■","") | E13: =IF(AND('Project Plan'!$D13<EDATE(E$4,1),'Project Plan'!$E13>=E$4),"■","") | F13: =IF(AND('Project Plan'!$D13<EDATE(F$4,1),'Project Plan'!$E13>=F$4),"■","") -> ■ | G13: =IF(AND('Project Plan'!$D13<EDATE(G$4,1),'Project Plan'!$E13>=G$4),"■","") | H13: =IF(AND('Project Plan'!$D13<EDATE(H$4,1),'Project Plan'!$E13>=H$4),"■","") | I13: =IF(AND('Project Plan'!$D13<EDATE(I$4,1),'Project Plan'!$E13>=I$4),"■","") | J13: =IF(AND('Project Plan'!$D13<EDATE(J$4,1),'Project Plan'!$E13>=J$4),"■","") | K13: =IF(AND('Project Plan'!$D13<EDATE(K$4,1),'Project Plan'!$E13>=K$4),"■","") | L13: =IF(AND('Project Plan'!$D13<EDATE(L$4,1),'Project Plan'!$E13>=L$4),"■","")
A14: T10 | B14: Compare PAM50 and ANOVA-selected genes | C14: Mostafa + Gamal | D14: =IF(AND('Project Plan'!$D14<EDATE(D$4,1),'Project Plan'!$E14>=D$4),"■","") | E14: =IF(AND('Project Plan'!$D14<EDATE(E$4,1),'Project Plan'!$E14>=E$4),"■","") | F14: =IF(AND('Project Plan'!$D14<EDATE(F$4,1),'Project Plan'!$E14>=F$4),"■","") -> ■ | G14: =IF(AND('Project Plan'!$D14<EDATE(G$4,1),'Project Plan'!$E14>=G$4),"■","") -> ■ | H14: =IF(AND('Project Plan'!$D14<EDATE(H$4,1),'Project Plan'!$E14>=H$4),"■","") -> ■ | I14: =IF(AND('Project Plan'!$D14<EDATE(I$4,1),'Project Plan'!$E14>=I$4),"■","") | J14: =IF(AND('Project Plan'!$D14<EDATE(J$4,1),'Project Plan'!$E14>=J$4),"■","") | K14: =IF(AND('Project Plan'!$D14<EDATE(K$4,1),'Project Plan'!$E14>=K$4),"■","") | L14: =IF(AND('Project Plan'!$D14<EDATE(L$4,1),'Project Plan'!$E14>=L$4),"■","")
A15: T11 | B15: Compare L1 / elastic-net-selected genes | C15: Ziad + Mohamed | D15: =IF(AND('Project Plan'!$D15<EDATE(D$4,1),'Project Plan'!$E15>=D$4),"■","") | E15: =IF(AND('Project Plan'!$D15<EDATE(E$4,1),'Project Plan'!$E15>=E$4),"■","") | F15: =IF(AND('Project Plan'!$D15<EDATE(F$4,1),'Project Plan'!$E15>=F$4),"■","") | G15: =IF(AND('Project Plan'!$D15<EDATE(G$4,1),'Project Plan'!$E15>=G$4),"■","") -> ■ | H15: =IF(AND('Project Plan'!$D15<EDATE(H$4,1),'Project Plan'!$E15>=H$4),"■","") -> ■ | I15: =IF(AND('Project Plan'!$D15<EDATE(I$4,1),'Project Plan'!$E15>=I$4),"■","") | J15: =IF(AND('Project Plan'!$D15<EDATE(J$4,1),'Project Plan'!$E15>=J$4),"■","") | K15: =IF(AND('Project Plan'!$D15<EDATE(K$4,1),'Project Plan'!$E15>=K$4),"■","") | L15: =IF(AND('Project Plan'!$D15<EDATE(L$4,1),'Project Plan'!$E15>=L$4),"■","")
A16: T12 | B16: Compare LR, SVM, RF and XGBoost | C16: All four | D16: =IF(AND('Project Plan'!$D16<EDATE(D$4,1),'Project Plan'!$E16>=D$4),"■","") | E16: =IF(AND('Project Plan'!$D16<EDATE(E$4,1),'Project Plan'!$E16>=E$4),"■","") | F16: =IF(AND('Project Plan'!$D16<EDATE(F$4,1),'Project Plan'!$E16>=F$4),"■","") | G16: =IF(AND('Project Plan'!$D16<EDATE(G$4,1),'Project Plan'!$E16>=G$4),"■","") | H16: =IF(AND('Project Plan'!$D16<EDATE(H$4,1),'Project Plan'!$E16>=H$4),"■","") -> ■ | I16: =IF(AND('Project Plan'!$D16<EDATE(I$4,1),'Project Plan'!$E16>=I$4),"■","") -> ■ | J16: =IF(AND('Project Plan'!$D16<EDATE(J$4,1),'Project Plan'!$E16>=J$4),"■","") | K16: =IF(AND('Project Plan'!$D16<EDATE(K$4,1),'Project Plan'!$E16>=K$4),"■","") | L16: =IF(AND('Project Plan'!$D16<EDATE(L$4,1),'Project Plan'!$E16>=L$4),"■","")
... A26: T22 | B26: Final defense preparation and demonstration | C26: All four | D26: =IF(AND('Project Plan'!$D26<EDATE(D$4,1),'Project Plan'!$E26>=D$4),"■","") | E26: =IF(AND('Project Plan'!$D26<EDATE(E$4,1),'Project Plan'!$E26>=E$4),"■","") | F26: =IF(AND('Project Plan'!$D26<EDATE(F$4,1),'Project Plan'!$E26>=F$4),"■","") | G26: =IF(AND('Project Plan'!$D26<EDATE(G$4,1),'Project Plan'!$E26>=G$4),"■","") | H26: =IF(AND('Project Plan'!$D26<EDATE(H$4,1),'Project Plan'!$E26>=H$4),"■","") | I26: =IF(AND('Project Plan'!$D26<EDATE(I$4,1),'Project Plan'!$E26>=I$4),"■","") | J26: =IF(AND('Project Plan'!$D26<EDATE(J$4,1),'Project Plan'!$E26>=J$4),"■","") | K26: =IF(AND('Project Plan'!$D26<EDATE(K$4,1),'Project Plan'!$E26>=K$4),"■","") | L26: =IF(AND('Project Plan'!$D26<EDATE(L$4,1),'Project Plan'!$E26>=L$4),"■","") -> ■

Sheet Milestones
A1: Official Milestones & Submission Evidence
A3: Milestone | B3: Date / window start | C3: Evidence to present | D3: Status
A4: Defense I | B4: 46322 | C4: Project specification, literature review, Gantt, EDA evidence, GitHub, slides | D4: Scheduled / confirm
A5: Initial thesis | B5: 46371 | C5: Literature, methods and preliminary experiments | D5: Scheduled / confirm
A6: Defense II | B6: 46378 | C6: Demonstrable breast cancer modeling progress | D6: Scheduled / confirm
A7: Revised thesis | B7: 46385 | C7: Revisions based on feedback | D7: Scheduled / confirm
A8: Defense III | B8: 46462 | C8: Breast classifier results and initial explainable app | D8: Scheduled / confirm
A9: Pre-final defense | B9: 46530 | C9: Working integrated breast cancer system; window May 23–27 | D9: Scheduled / confirm
A10: Final thesis | B10: 46558 | C10: Finished documentation and reproducible code | D10: Scheduled / confirm
A11: Final defense | B11: 46565 | C11: End-to-end breast cancer demo; window June 27–30 | D11: Scheduled / confirm

Sheet Read Me
A1: Guide to the Project Plan
A3: Purpose | B3: Defense I planning timeline through final defense; forecasts, not claims of completed work.
A4: Project scope | B4: Breast cancer PAM50 subtype prediction from compatible processed RNA-seq gene expression (GSE96058).
A5: Team | B5: Ziad Elmorsy, Mohamed Samy, Mostafa Elzeiny, Gamal Mohamed.
A6: Collaboration | B6: All four participate across phases; named pairings indicate practical allocation, not leadership.
A7: Schedule editing | B7: Update Start/Finish dates in Project Plan; Gantt cells are linked by formulas.
A8: Submission status | B8: Literature and combined project specification are prepared; EDA and repository need final verification.
A9: Future work | B9: Other cancer types and prognosis are outside the committed graduation project.
A10: Method dependencies | B10: Verify data → group-safe split → feature selection/model CV → held-out evaluation → SHAP → application/PDF → testing.
A11: Dates | B11: University schedule previously shared; confirm these dates against current official announcements.
